date,amount,type,category,provider
2025-03-01,9500,expense,Rent,
2025-03-01,2950,expense,Software,
2025-03-01,1250,expense,Insurance,
2025-03-01,1679,expense,Utilities,
2025-03-01,4872,expense,Supplies,
2025-03-31,20666.67,expense,Salary,Dr. Elena Rivera
2025-03-31,6200.00,expense,Benefits,Dr. Elena Rivera
2025-03-31,1963.33,expense,Payroll taxes,Dr. Elena Rivera
2025-03-31,950.00,expense,Malpractice,Dr. Elena Rivera
2025-03-31,21833.33,expense,Salary,Dr. Marcus Bennett
2025-03-31,6550.00,expense,Benefits,Dr. Marcus Bennett
2025-03-31,2074.17,expense,Payroll taxes,Dr. Marcus Bennett
2025-03-31,950.00,expense,Malpractice,Dr. Marcus Bennett
2025-03-31,20000.00,expense,Salary,Dr. Sofia Morales
2025-03-31,6000.00,expense,Benefits,Dr. Sofia Morales
2025-03-31,1900.00,expense,Payroll taxes,Dr. Sofia Morales
2025-03-31,950.00,expense,Malpractice,Dr. Sofia Morales
2025-03-31,21250.00,expense,Salary,Dr. Daniel Chen
2025-03-31,6375.00,expense,Benefits,Dr. Daniel Chen
2025-03-31,2018.75,expense,Payroll taxes,Dr. Daniel Chen
2025-03-31,950.00,expense,Malpractice,Dr. Daniel Chen
2025-03-31,11000.00,expense,Salary,Isabel Torres NP
2025-03-31,3300.00,expense,Benefits,Isabel Torres NP
2025-03-31,1045.00,expense,Payroll taxes,Isabel Torres NP
2025-03-31,400.00,expense,Malpractice,Isabel Torres NP
2025-03-31,10500.00,expense,Salary,Alex Morgan PA
2025-03-31,3150.00,expense,Benefits,Alex Morgan PA
2025-03-31,997.50,expense,Payroll taxes,Alex Morgan PA
2025-03-31,400.00,expense,Malpractice,Alex Morgan PA
2025-03-31,6000.00,expense,Salary,Camila Ortiz
2025-03-31,1800.00,expense,Benefits,Camila Ortiz
2025-03-31,570.00,expense,Payroll taxes,Camila Ortiz
2025-03-31,3666.67,expense,Salary,Noah Williams
2025-03-31,1100.00,expense,Benefits,Noah Williams
2025-03-31,348.33,expense,Payroll taxes,Noah Williams
2025-03-31,3800.00,expense,Salary,Maya Patel
2025-03-31,1140.00,expense,Benefits,Maya Patel
2025-03-31,361.00,expense,Payroll taxes,Maya Patel
2025-03-31,4333.33,expense,Salary,Lucia Santos
2025-03-31,1300.00,expense,Benefits,Lucia Santos
2025-03-31,411.67,expense,Payroll taxes,Lucia Santos
2025-03-31,3333.33,expense,Salary,Gabriel Cruz
2025-03-31,1000.00,expense,Benefits,Gabriel Cruz
2025-03-31,316.67,expense,Payroll taxes,Gabriel Cruz
2025-03-31,7000.00,expense,Salary,Emma Brooks
2025-03-31,2100.00,expense,Benefits,Emma Brooks
2025-03-31,665.00,expense,Payroll taxes,Emma Brooks
2025-04-01,9500,expense,Rent,
2025-04-01,2950,expense,Software,
2025-04-01,1250,expense,Insurance,
2025-04-01,1619,expense,Utilities,
2025-04-01,4821,expense,Supplies,
2025-04-30,20666.67,expense,Salary,Dr. Elena Rivera
2025-04-30,6200.00,expense,Benefits,Dr. Elena Rivera
2025-04-30,1963.33,expense,Payroll taxes,Dr. Elena Rivera
2025-04-30,950.00,expense,Malpractice,Dr. Elena Rivera
2025-04-30,21833.33,expense,Salary,Dr. Marcus Bennett
2025-04-30,6550.00,expense,Benefits,Dr. Marcus Bennett
2025-04-30,2074.17,expense,Payroll taxes,Dr. Marcus Bennett
2025-04-30,950.00,expense,Malpractice,Dr. Marcus Bennett
2025-04-30,20000.00,expense,Salary,Dr. Sofia Morales
2025-04-30,6000.00,expense,Benefits,Dr. Sofia Morales
2025-04-30,1900.00,expense,Payroll taxes,Dr. Sofia Morales
2025-04-30,950.00,expense,Malpractice,Dr. Sofia Morales
2025-04-30,21250.00,expense,Salary,Dr. Daniel Chen
2025-04-30,6375.00,expense,Benefits,Dr. Daniel Chen
2025-04-30,2018.75,expense,Payroll taxes,Dr. Daniel Chen
2025-04-30,950.00,expense,Malpractice,Dr. Daniel Chen
2025-04-30,11000.00,expense,Salary,Isabel Torres NP
2025-04-30,3300.00,expense,Benefits,Isabel Torres NP
2025-04-30,1045.00,expense,Payroll taxes,Isabel Torres NP
2025-04-30,400.00,expense,Malpractice,Isabel Torres NP
2025-04-30,10500.00,expense,Salary,Alex Morgan PA
2025-04-30,3150.00,expense,Benefits,Alex Morgan PA
2025-04-30,997.50,expense,Payroll taxes,Alex Morgan PA
2025-04-30,400.00,expense,Malpractice,Alex Morgan PA
2025-04-30,6000.00,expense,Salary,Camila Ortiz
2025-04-30,1800.00,expense,Benefits,Camila Ortiz
2025-04-30,570.00,expense,Payroll taxes,Camila Ortiz
2025-04-30,3666.67,expense,Salary,Noah Williams
2025-04-30,1100.00,expense,Benefits,Noah Williams
2025-04-30,348.33,expense,Payroll taxes,Noah Williams
2025-04-30,3800.00,expense,Salary,Maya Patel
2025-04-30,1140.00,expense,Benefits,Maya Patel
2025-04-30,361.00,expense,Payroll taxes,Maya Patel
2025-04-30,4333.33,expense,Salary,Lucia Santos
2025-04-30,1300.00,expense,Benefits,Lucia Santos
2025-04-30,411.67,expense,Payroll taxes,Lucia Santos
2025-04-30,3333.33,expense,Salary,Gabriel Cruz
2025-04-30,1000.00,expense,Benefits,Gabriel Cruz
2025-04-30,316.67,expense,Payroll taxes,Gabriel Cruz
2025-04-30,7000.00,expense,Salary,Emma Brooks
2025-04-30,2100.00,expense,Benefits,Emma Brooks
2025-04-30,665.00,expense,Payroll taxes,Emma Brooks
2025-05-01,9500,expense,Rent,
2025-05-01,2950,expense,Software,
2025-05-01,1250,expense,Insurance,
2025-05-01,1576,expense,Utilities,
2025-05-01,5141,expense,Supplies,
2025-05-31,20666.67,expense,Salary,Dr. Elena Rivera
2025-05-31,6200.00,expense,Benefits,Dr. Elena Rivera
2025-05-31,1963.33,expense,Payroll taxes,Dr. Elena Rivera
2025-05-31,950.00,expense,Malpractice,Dr. Elena Rivera
2025-05-31,21833.33,expense,Salary,Dr. Marcus Bennett
2025-05-31,6550.00,expense,Benefits,Dr. Marcus Bennett
2025-05-31,2074.17,expense,Payroll taxes,Dr. Marcus Bennett
2025-05-31,950.00,expense,Malpractice,Dr. Marcus Bennett
2025-05-31,20000.00,expense,Salary,Dr. Sofia Morales
2025-05-31,6000.00,expense,Benefits,Dr. Sofia Morales
2025-05-31,1900.00,expense,Payroll taxes,Dr. Sofia Morales
2025-05-31,950.00,expense,Malpractice,Dr. Sofia Morales
2025-05-31,21250.00,expense,Salary,Dr. Daniel Chen
2025-05-31,6375.00,expense,Benefits,Dr. Daniel Chen
2025-05-31,2018.75,expense,Payroll taxes,Dr. Daniel Chen
2025-05-31,950.00,expense,Malpractice,Dr. Daniel Chen
2025-05-31,11000.00,expense,Salary,Isabel Torres NP
2025-05-31,3300.00,expense,Benefits,Isabel Torres NP
2025-05-31,1045.00,expense,Payroll taxes,Isabel Torres NP
2025-05-31,400.00,expense,Malpractice,Isabel Torres NP
2025-05-31,10500.00,expense,Salary,Alex Morgan PA
2025-05-31,3150.00,expense,Benefits,Alex Morgan PA
2025-05-31,997.50,expense,Payroll taxes,Alex Morgan PA
2025-05-31,400.00,expense,Malpractice,Alex Morgan PA
2025-05-31,6000.00,expense,Salary,Camila Ortiz
2025-05-31,1800.00,expense,Benefits,Camila Ortiz
2025-05-31,570.00,expense,Payroll taxes,Camila Ortiz
2025-05-31,3666.67,expense,Salary,Noah Williams
2025-05-31,1100.00,expense,Benefits,Noah Williams
2025-05-31,348.33,expense,Payroll taxes,Noah Williams
2025-05-31,3800.00,expense,Salary,Maya Patel
2025-05-31,1140.00,expense,Benefits,Maya Patel
2025-05-31,361.00,expense,Payroll taxes,Maya Patel
2025-05-31,4333.33,expense,Salary,Lucia Santos
2025-05-31,1300.00,expense,Benefits,Lucia Santos
2025-05-31,411.67,expense,Payroll taxes,Lucia Santos
2025-05-31,3333.33,expense,Salary,Gabriel Cruz
2025-05-31,1000.00,expense,Benefits,Gabriel Cruz
2025-05-31,316.67,expense,Payroll taxes,Gabriel Cruz
2025-05-31,7000.00,expense,Salary,Emma Brooks
2025-05-31,2100.00,expense,Benefits,Emma Brooks
2025-05-31,665.00,expense,Payroll taxes,Emma Brooks
2025-06-01,9500,expense,Rent,
2025-06-01,2950,expense,Software,
2025-06-01,1250,expense,Insurance,
2025-06-01,1240,expense,Utilities,
2025-06-01,6179,expense,Supplies,
2025-06-30,20666.67,expense,Salary,Dr. Elena Rivera
2025-06-30,6200.00,expense,Benefits,Dr. Elena Rivera
2025-06-30,1963.33,expense,Payroll taxes,Dr. Elena Rivera
2025-06-30,950.00,expense,Malpractice,Dr. Elena Rivera
2025-06-30,21833.33,expense,Salary,Dr. Marcus Bennett
2025-06-30,6550.00,expense,Benefits,Dr. Marcus Bennett
2025-06-30,2074.17,expense,Payroll taxes,Dr. Marcus Bennett
2025-06-30,950.00,expense,Malpractice,Dr. Marcus Bennett
2025-06-30,20000.00,expense,Salary,Dr. Sofia Morales
2025-06-30,6000.00,expense,Benefits,Dr. Sofia Morales
2025-06-30,1900.00,expense,Payroll taxes,Dr. Sofia Morales
2025-06-30,950.00,expense,Malpractice,Dr. Sofia Morales
2025-06-30,21250.00,expense,Salary,Dr. Daniel Chen
2025-06-30,6375.00,expense,Benefits,Dr. Daniel Chen
2025-06-30,2018.75,expense,Payroll taxes,Dr. Daniel Chen
2025-06-30,950.00,expense,Malpractice,Dr. Daniel Chen
2025-06-30,11000.00,expense,Salary,Isabel Torres NP
2025-06-30,3300.00,expense,Benefits,Isabel Torres NP
2025-06-30,1045.00,expense,Payroll taxes,Isabel Torres NP
2025-06-30,400.00,expense,Malpractice,Isabel Torres NP
2025-06-30,10500.00,expense,Salary,Alex Morgan PA
2025-06-30,3150.00,expense,Benefits,Alex Morgan PA
2025-06-30,997.50,expense,Payroll taxes,Alex Morgan PA
2025-06-30,400.00,expense,Malpractice,Alex Morgan PA
2025-06-30,6000.00,expense,Salary,Camila Ortiz
2025-06-30,1800.00,expense,Benefits,Camila Ortiz
2025-06-30,570.00,expense,Payroll taxes,Camila Ortiz
2025-06-30,3666.67,expense,Salary,Noah Williams
2025-06-30,1100.00,expense,Benefits,Noah Williams
2025-06-30,348.33,expense,Payroll taxes,Noah Williams
2025-06-30,3800.00,expense,Salary,Maya Patel
2025-06-30,1140.00,expense,Benefits,Maya Patel
2025-06-30,361.00,expense,Payroll taxes,Maya Patel
2025-06-30,4333.33,expense,Salary,Lucia Santos
2025-06-30,1300.00,expense,Benefits,Lucia Santos
2025-06-30,411.67,expense,Payroll taxes,Lucia Santos
2025-06-30,3333.33,expense,Salary,Gabriel Cruz
2025-06-30,1000.00,expense,Benefits,Gabriel Cruz
2025-06-30,316.67,expense,Payroll taxes,Gabriel Cruz
2025-06-30,7000.00,expense,Salary,Emma Brooks
2025-06-30,2100.00,expense,Benefits,Emma Brooks
2025-06-30,665.00,expense,Payroll taxes,Emma Brooks
2025-07-01,9500,expense,Rent,
2025-07-01,2950,expense,Software,
2025-07-01,1250,expense,Insurance,
2025-07-01,1521,expense,Utilities,
2025-07-01,5388,expense,Supplies,
2025-07-31,20666.67,expense,Salary,Dr. Elena Rivera
2025-07-31,6200.00,expense,Benefits,Dr. Elena Rivera
2025-07-31,1963.33,expense,Payroll taxes,Dr. Elena Rivera
2025-07-31,950.00,expense,Malpractice,Dr. Elena Rivera
2025-07-31,21833.33,expense,Salary,Dr. Marcus Bennett
2025-07-31,6550.00,expense,Benefits,Dr. Marcus Bennett
2025-07-31,2074.17,expense,Payroll taxes,Dr. Marcus Bennett
2025-07-31,950.00,expense,Malpractice,Dr. Marcus Bennett
2025-07-31,20000.00,expense,Salary,Dr. Sofia Morales
2025-07-31,6000.00,expense,Benefits,Dr. Sofia Morales
2025-07-31,1900.00,expense,Payroll taxes,Dr. Sofia Morales
2025-07-31,950.00,expense,Malpractice,Dr. Sofia Morales
2025-07-31,21250.00,expense,Salary,Dr. Daniel Chen
2025-07-31,6375.00,expense,Benefits,Dr. Daniel Chen
2025-07-31,2018.75,expense,Payroll taxes,Dr. Daniel Chen
2025-07-31,950.00,expense,Malpractice,Dr. Daniel Chen
2025-07-31,11000.00,expense,Salary,Isabel Torres NP
2025-07-31,3300.00,expense,Benefits,Isabel Torres NP
2025-07-31,1045.00,expense,Payroll taxes,Isabel Torres NP
2025-07-31,400.00,expense,Malpractice,Isabel Torres NP
2025-07-31,10500.00,expense,Salary,Alex Morgan PA
2025-07-31,3150.00,expense,Benefits,Alex Morgan PA
2025-07-31,997.50,expense,Payroll taxes,Alex Morgan PA
2025-07-31,400.00,expense,Malpractice,Alex Morgan PA
2025-07-31,6000.00,expense,Salary,Camila Ortiz
2025-07-31,1800.00,expense,Benefits,Camila Ortiz
2025-07-31,570.00,expense,Payroll taxes,Camila Ortiz
2025-07-31,3666.67,expense,Salary,Noah Williams
2025-07-31,1100.00,expense,Benefits,Noah Williams
2025-07-31,348.33,expense,Payroll taxes,Noah Williams
2025-07-31,3800.00,expense,Salary,Maya Patel
2025-07-31,1140.00,expense,Benefits,Maya Patel
2025-07-31,361.00,expense,Payroll taxes,Maya Patel
2025-07-31,4333.33,expense,Salary,Lucia Santos
2025-07-31,1300.00,expense,Benefits,Lucia Santos
2025-07-31,411.67,expense,Payroll taxes,Lucia Santos
2025-07-31,3333.33,expense,Salary,Gabriel Cruz
2025-07-31,1000.00,expense,Benefits,Gabriel Cruz
2025-07-31,316.67,expense,Payroll taxes,Gabriel Cruz
2025-07-31,7000.00,expense,Salary,Emma Brooks
2025-07-31,2100.00,expense,Benefits,Emma Brooks
2025-07-31,665.00,expense,Payroll taxes,Emma Brooks
2025-08-01,9500,expense,Rent,
2025-08-01,2950,expense,Software,
2025-08-01,1250,expense,Insurance,
2025-08-01,1599,expense,Utilities,
2025-08-01,5527,expense,Supplies,
2025-08-31,20666.67,expense,Salary,Dr. Elena Rivera
2025-08-31,6200.00,expense,Benefits,Dr. Elena Rivera
2025-08-31,1963.33,expense,Payroll taxes,Dr. Elena Rivera
2025-08-31,950.00,expense,Malpractice,Dr. Elena Rivera
2025-08-31,21833.33,expense,Salary,Dr. Marcus Bennett
2025-08-31,6550.00,expense,Benefits,Dr. Marcus Bennett
2025-08-31,2074.17,expense,Payroll taxes,Dr. Marcus Bennett
2025-08-31,950.00,expense,Malpractice,Dr. Marcus Bennett
2025-08-31,20000.00,expense,Salary,Dr. Sofia Morales
2025-08-31,6000.00,expense,Benefits,Dr. Sofia Morales
2025-08-31,1900.00,expense,Payroll taxes,Dr. Sofia Morales
2025-08-31,950.00,expense,Malpractice,Dr. Sofia Morales
2025-08-31,21250.00,expense,Salary,Dr. Daniel Chen
2025-08-31,6375.00,expense,Benefits,Dr. Daniel Chen
2025-08-31,2018.75,expense,Payroll taxes,Dr. Daniel Chen
2025-08-31,950.00,expense,Malpractice,Dr. Daniel Chen
2025-08-31,11000.00,expense,Salary,Isabel Torres NP
2025-08-31,3300.00,expense,Benefits,Isabel Torres NP
2025-08-31,1045.00,expense,Payroll taxes,Isabel Torres NP
2025-08-31,400.00,expense,Malpractice,Isabel Torres NP
2025-08-31,10500.00,expense,Salary,Alex Morgan PA
2025-08-31,3150.00,expense,Benefits,Alex Morgan PA
2025-08-31,997.50,expense,Payroll taxes,Alex Morgan PA
2025-08-31,400.00,expense,Malpractice,Alex Morgan PA
2025-08-31,6000.00,expense,Salary,Camila Ortiz
2025-08-31,1800.00,expense,Benefits,Camila Ortiz
2025-08-31,570.00,expense,Payroll taxes,Camila Ortiz
2025-08-31,3666.67,expense,Salary,Noah Williams
2025-08-31,1100.00,expense,Benefits,Noah Williams
2025-08-31,348.33,expense,Payroll taxes,Noah Williams
2025-08-31,3800.00,expense,Salary,Maya Patel
2025-08-31,1140.00,expense,Benefits,Maya Patel
2025-08-31,361.00,expense,Payroll taxes,Maya Patel
2025-08-31,4333.33,expense,Salary,Lucia Santos
2025-08-31,1300.00,expense,Benefits,Lucia Santos
2025-08-31,411.67,expense,Payroll taxes,Lucia Santos
2025-08-31,3333.33,expense,Salary,Gabriel Cruz
2025-08-31,1000.00,expense,Benefits,Gabriel Cruz
2025-08-31,316.67,expense,Payroll taxes,Gabriel Cruz
2025-08-31,7000.00,expense,Salary,Emma Brooks
2025-08-31,2100.00,expense,Benefits,Emma Brooks
2025-08-31,665.00,expense,Payroll taxes,Emma Brooks
2025-09-01,9500,expense,Rent,
2025-09-01,2950,expense,Software,
2025-09-01,1250,expense,Insurance,
2025-09-01,1796,expense,Utilities,
2025-09-01,5387,expense,Supplies,
2025-09-30,20666.67,expense,Salary,Dr. Elena Rivera
2025-09-30,6200.00,expense,Benefits,Dr. Elena Rivera
2025-09-30,1963.33,expense,Payroll taxes,Dr. Elena Rivera
2025-09-30,950.00,expense,Malpractice,Dr. Elena Rivera
2025-09-30,21833.33,expense,Salary,Dr. Marcus Bennett
2025-09-30,6550.00,expense,Benefits,Dr. Marcus Bennett
2025-09-30,2074.17,expense,Payroll taxes,Dr. Marcus Bennett
2025-09-30,950.00,expense,Malpractice,Dr. Marcus Bennett
2025-09-30,20000.00,expense,Salary,Dr. Sofia Morales
2025-09-30,6000.00,expense,Benefits,Dr. Sofia Morales
2025-09-30,1900.00,expense,Payroll taxes,Dr. Sofia Morales
2025-09-30,950.00,expense,Malpractice,Dr. Sofia Morales
2025-09-30,21250.00,expense,Salary,Dr. Daniel Chen
2025-09-30,6375.00,expense,Benefits,Dr. Daniel Chen
2025-09-30,2018.75,expense,Payroll taxes,Dr. Daniel Chen
2025-09-30,950.00,expense,Malpractice,Dr. Daniel Chen
2025-09-30,11000.00,expense,Salary,Isabel Torres NP
2025-09-30,3300.00,expense,Benefits,Isabel Torres NP
2025-09-30,1045.00,expense,Payroll taxes,Isabel Torres NP
2025-09-30,400.00,expense,Malpractice,Isabel Torres NP
2025-09-30,10500.00,expense,Salary,Alex Morgan PA
2025-09-30,3150.00,expense,Benefits,Alex Morgan PA
2025-09-30,997.50,expense,Payroll taxes,Alex Morgan PA
2025-09-30,400.00,expense,Malpractice,Alex Morgan PA
2025-09-30,6000.00,expense,Salary,Camila Ortiz
2025-09-30,1800.00,expense,Benefits,Camila Ortiz
2025-09-30,570.00,expense,Payroll taxes,Camila Ortiz
2025-09-30,3666.67,expense,Salary,Noah Williams
2025-09-30,1100.00,expense,Benefits,Noah Williams
2025-09-30,348.33,expense,Payroll taxes,Noah Williams
2025-09-30,3800.00,expense,Salary,Maya Patel
2025-09-30,1140.00,expense,Benefits,Maya Patel
2025-09-30,361.00,expense,Payroll taxes,Maya Patel
2025-09-30,4333.33,expense,Salary,Lucia Santos
2025-09-30,1300.00,expense,Benefits,Lucia Santos
2025-09-30,411.67,expense,Payroll taxes,Lucia Santos
2025-09-30,3333.33,expense,Salary,Gabriel Cruz
2025-09-30,1000.00,expense,Benefits,Gabriel Cruz
2025-09-30,316.67,expense,Payroll taxes,Gabriel Cruz
2025-09-30,7000.00,expense,Salary,Emma Brooks
2025-09-30,2100.00,expense,Benefits,Emma Brooks
2025-09-30,665.00,expense,Payroll taxes,Emma Brooks
2025-10-01,9500,expense,Rent,
2025-10-01,2950,expense,Software,
2025-10-01,1250,expense,Insurance,
2025-10-01,1411,expense,Utilities,
2025-10-01,6016,expense,Supplies,
2025-10-31,20666.67,expense,Salary,Dr. Elena Rivera
2025-10-31,6200.00,expense,Benefits,Dr. Elena Rivera
2025-10-31,1963.33,expense,Payroll taxes,Dr. Elena Rivera
2025-10-31,950.00,expense,Malpractice,Dr. Elena Rivera
2025-10-31,21833.33,expense,Salary,Dr. Marcus Bennett
2025-10-31,6550.00,expense,Benefits,Dr. Marcus Bennett
2025-10-31,2074.17,expense,Payroll taxes,Dr. Marcus Bennett
2025-10-31,950.00,expense,Malpractice,Dr. Marcus Bennett
2025-10-31,20000.00,expense,Salary,Dr. Sofia Morales
2025-10-31,6000.00,expense,Benefits,Dr. Sofia Morales
2025-10-31,1900.00,expense,Payroll taxes,Dr. Sofia Morales
2025-10-31,950.00,expense,Malpractice,Dr. Sofia Morales
2025-10-31,21250.00,expense,Salary,Dr. Daniel Chen
2025-10-31,6375.00,expense,Benefits,Dr. Daniel Chen
2025-10-31,2018.75,expense,Payroll taxes,Dr. Daniel Chen
2025-10-31,950.00,expense,Malpractice,Dr. Daniel Chen
2025-10-31,11000.00,expense,Salary,Isabel Torres NP
2025-10-31,3300.00,expense,Benefits,Isabel Torres NP
2025-10-31,1045.00,expense,Payroll taxes,Isabel Torres NP
2025-10-31,400.00,expense,Malpractice,Isabel Torres NP
2025-10-31,10500.00,expense,Salary,Alex Morgan PA
2025-10-31,3150.00,expense,Benefits,Alex Morgan PA
2025-10-31,997.50,expense,Payroll taxes,Alex Morgan PA
2025-10-31,400.00,expense,Malpractice,Alex Morgan PA
2025-10-31,6000.00,expense,Salary,Camila Ortiz
2025-10-31,1800.00,expense,Benefits,Camila Ortiz
2025-10-31,570.00,expense,Payroll taxes,Camila Ortiz
2025-10-31,3666.67,expense,Salary,Noah Williams
2025-10-31,1100.00,expense,Benefits,Noah Williams
2025-10-31,348.33,expense,Payroll taxes,Noah Williams
2025-10-31,3800.00,expense,Salary,Maya Patel
2025-10-31,1140.00,expense,Benefits,Maya Patel
2025-10-31,361.00,expense,Payroll taxes,Maya Patel
2025-10-31,4333.33,expense,Salary,Lucia Santos
2025-10-31,1300.00,expense,Benefits,Lucia Santos
2025-10-31,411.67,expense,Payroll taxes,Lucia Santos
2025-10-31,3333.33,expense,Salary,Gabriel Cruz
2025-10-31,1000.00,expense,Benefits,Gabriel Cruz
2025-10-31,316.67,expense,Payroll taxes,Gabriel Cruz
2025-10-31,7000.00,expense,Salary,Emma Brooks
2025-10-31,2100.00,expense,Benefits,Emma Brooks
2025-10-31,665.00,expense,Payroll taxes,Emma Brooks
2025-11-01,9500,expense,Rent,
2025-11-01,2950,expense,Software,
2025-11-01,1250,expense,Insurance,
2025-11-01,1542,expense,Utilities,
2025-11-01,5458,expense,Supplies,
2025-11-30,20666.67,expense,Salary,Dr. Elena Rivera
2025-11-30,6200.00,expense,Benefits,Dr. Elena Rivera
2025-11-30,1963.33,expense,Payroll taxes,Dr. Elena Rivera
2025-11-30,950.00,expense,Malpractice,Dr. Elena Rivera
2025-11-30,21833.33,expense,Salary,Dr. Marcus Bennett
2025-11-30,6550.00,expense,Benefits,Dr. Marcus Bennett
2025-11-30,2074.17,expense,Payroll taxes,Dr. Marcus Bennett
2025-11-30,950.00,expense,Malpractice,Dr. Marcus Bennett
2025-11-30,20000.00,expense,Salary,Dr. Sofia Morales
2025-11-30,6000.00,expense,Benefits,Dr. Sofia Morales
2025-11-30,1900.00,expense,Payroll taxes,Dr. Sofia Morales
2025-11-30,950.00,expense,Malpractice,Dr. Sofia Morales
2025-11-30,21250.00,expense,Salary,Dr. Daniel Chen
2025-11-30,6375.00,expense,Benefits,Dr. Daniel Chen
2025-11-30,2018.75,expense,Payroll taxes,Dr. Daniel Chen
2025-11-30,950.00,expense,Malpractice,Dr. Daniel Chen
2025-11-30,11000.00,expense,Salary,Isabel Torres NP
2025-11-30,3300.00,expense,Benefits,Isabel Torres NP
2025-11-30,1045.00,expense,Payroll taxes,Isabel Torres NP
2025-11-30,400.00,expense,Malpractice,Isabel Torres NP
2025-11-30,10500.00,expense,Salary,Alex Morgan PA
2025-11-30,3150.00,expense,Benefits,Alex Morgan PA
2025-11-30,997.50,expense,Payroll taxes,Alex Morgan PA
2025-11-30,400.00,expense,Malpractice,Alex Morgan PA
2025-11-30,6000.00,expense,Salary,Camila Ortiz
2025-11-30,1800.00,expense,Benefits,Camila Ortiz
2025-11-30,570.00,expense,Payroll taxes,Camila Ortiz
2025-11-30,3666.67,expense,Salary,Noah Williams
2025-11-30,1100.00,expense,Benefits,Noah Williams
2025-11-30,348.33,expense,Payroll taxes,Noah Williams
2025-11-30,3800.00,expense,Salary,Maya Patel
2025-11-30,1140.00,expense,Benefits,Maya Patel
2025-11-30,361.00,expense,Payroll taxes,Maya Patel
2025-11-30,4333.33,expense,Salary,Lucia Santos
2025-11-30,1300.00,expense,Benefits,Lucia Santos
2025-11-30,411.67,expense,Payroll taxes,Lucia Santos
2025-11-30,3333.33,expense,Salary,Gabriel Cruz
2025-11-30,1000.00,expense,Benefits,Gabriel Cruz
2025-11-30,316.67,expense,Payroll taxes,Gabriel Cruz
2025-11-30,7000.00,expense,Salary,Emma Brooks
2025-11-30,2100.00,expense,Benefits,Emma Brooks
2025-11-30,665.00,expense,Payroll taxes,Emma Brooks
2025-12-01,9500,expense,Rent,
2025-12-01,2950,expense,Software,
2025-12-01,1250,expense,Insurance,
2025-12-01,1275,expense,Utilities,
2025-12-01,5214,expense,Supplies,
2025-12-31,20666.67,expense,Salary,Dr. Elena Rivera
2025-12-31,6200.00,expense,Benefits,Dr. Elena Rivera
2025-12-31,1963.33,expense,Payroll taxes,Dr. Elena Rivera
2025-12-31,950.00,expense,Malpractice,Dr. Elena Rivera
2025-12-31,21833.33,expense,Salary,Dr. Marcus Bennett
2025-12-31,6550.00,expense,Benefits,Dr. Marcus Bennett
2025-12-31,2074.17,expense,Payroll taxes,Dr. Marcus Bennett
2025-12-31,950.00,expense,Malpractice,Dr. Marcus Bennett
2025-12-31,20000.00,expense,Salary,Dr. Sofia Morales
2025-12-31,6000.00,expense,Benefits,Dr. Sofia Morales
2025-12-31,1900.00,expense,Payroll taxes,Dr. Sofia Morales
2025-12-31,950.00,expense,Malpractice,Dr. Sofia Morales
2025-12-31,21250.00,expense,Salary,Dr. Daniel Chen
2025-12-31,6375.00,expense,Benefits,Dr. Daniel Chen
2025-12-31,2018.75,expense,Payroll taxes,Dr. Daniel Chen
2025-12-31,950.00,expense,Malpractice,Dr. Daniel Chen
2025-12-31,11000.00,expense,Salary,Isabel Torres NP
2025-12-31,3300.00,expense,Benefits,Isabel Torres NP
2025-12-31,1045.00,expense,Payroll taxes,Isabel Torres NP
2025-12-31,400.00,expense,Malpractice,Isabel Torres NP
2025-12-31,10500.00,expense,Salary,Alex Morgan PA
2025-12-31,3150.00,expense,Benefits,Alex Morgan PA
2025-12-31,997.50,expense,Payroll taxes,Alex Morgan PA
2025-12-31,400.00,expense,Malpractice,Alex Morgan PA
2025-12-31,6000.00,expense,Salary,Camila Ortiz
2025-12-31,1800.00,expense,Benefits,Camila Ortiz
2025-12-31,570.00,expense,Payroll taxes,Camila Ortiz
2025-12-31,3666.67,expense,Salary,Noah Williams
2025-12-31,1100.00,expense,Benefits,Noah Williams
2025-12-31,348.33,expense,Payroll taxes,Noah Williams
2025-12-31,3800.00,expense,Salary,Maya Patel
2025-12-31,1140.00,expense,Benefits,Maya Patel
2025-12-31,361.00,expense,Payroll taxes,Maya Patel
2025-12-31,4333.33,expense,Salary,Lucia Santos
2025-12-31,1300.00,expense,Benefits,Lucia Santos
2025-12-31,411.67,expense,Payroll taxes,Lucia Santos
2025-12-31,3333.33,expense,Salary,Gabriel Cruz
2025-12-31,1000.00,expense,Benefits,Gabriel Cruz
2025-12-31,316.67,expense,Payroll taxes,Gabriel Cruz
2025-12-31,7000.00,expense,Salary,Emma Brooks
2025-12-31,2100.00,expense,Benefits,Emma Brooks
2025-12-31,665.00,expense,Payroll taxes,Emma Brooks
2026-01-01,9500,expense,Rent,
2026-01-01,2950,expense,Software,
2026-01-01,1250,expense,Insurance,
2026-01-01,1389,expense,Utilities,
2026-01-01,5294,expense,Supplies,
2026-01-31,20666.67,expense,Salary,Dr. Elena Rivera
2026-01-31,6200.00,expense,Benefits,Dr. Elena Rivera
2026-01-31,1963.33,expense,Payroll taxes,Dr. Elena Rivera
2026-01-31,950.00,expense,Malpractice,Dr. Elena Rivera
2026-01-31,21833.33,expense,Salary,Dr. Marcus Bennett
2026-01-31,6550.00,expense,Benefits,Dr. Marcus Bennett
2026-01-31,2074.17,expense,Payroll taxes,Dr. Marcus Bennett
2026-01-31,950.00,expense,Malpractice,Dr. Marcus Bennett
2026-01-31,20000.00,expense,Salary,Dr. Sofia Morales
2026-01-31,6000.00,expense,Benefits,Dr. Sofia Morales
2026-01-31,1900.00,expense,Payroll taxes,Dr. Sofia Morales
2026-01-31,950.00,expense,Malpractice,Dr. Sofia Morales
2026-01-31,21250.00,expense,Salary,Dr. Daniel Chen
2026-01-31,6375.00,expense,Benefits,Dr. Daniel Chen
2026-01-31,2018.75,expense,Payroll taxes,Dr. Daniel Chen
2026-01-31,950.00,expense,Malpractice,Dr. Daniel Chen
2026-01-31,11000.00,expense,Salary,Isabel Torres NP
2026-01-31,3300.00,expense,Benefits,Isabel Torres NP
2026-01-31,1045.00,expense,Payroll taxes,Isabel Torres NP
2026-01-31,400.00,expense,Malpractice,Isabel Torres NP
2026-01-31,10500.00,expense,Salary,Alex Morgan PA
2026-01-31,3150.00,expense,Benefits,Alex Morgan PA
2026-01-31,997.50,expense,Payroll taxes,Alex Morgan PA
2026-01-31,400.00,expense,Malpractice,Alex Morgan PA
2026-01-31,6000.00,expense,Salary,Camila Ortiz
2026-01-31,1800.00,expense,Benefits,Camila Ortiz
2026-01-31,570.00,expense,Payroll taxes,Camila Ortiz
2026-01-31,3666.67,expense,Salary,Noah Williams
2026-01-31,1100.00,expense,Benefits,Noah Williams
2026-01-31,348.33,expense,Payroll taxes,Noah Williams
2026-01-31,3800.00,expense,Salary,Maya Patel
2026-01-31,1140.00,expense,Benefits,Maya Patel
2026-01-31,361.00,expense,Payroll taxes,Maya Patel
2026-01-31,4333.33,expense,Salary,Lucia Santos
2026-01-31,1300.00,expense,Benefits,Lucia Santos
2026-01-31,411.67,expense,Payroll taxes,Lucia Santos
2026-01-31,3333.33,expense,Salary,Gabriel Cruz
2026-01-31,1000.00,expense,Benefits,Gabriel Cruz
2026-01-31,316.67,expense,Payroll taxes,Gabriel Cruz
2026-01-31,7000.00,expense,Salary,Emma Brooks
2026-01-31,2100.00,expense,Benefits,Emma Brooks
2026-01-31,665.00,expense,Payroll taxes,Emma Brooks
2026-02-01,9500,expense,Rent,
2026-02-01,2950,expense,Software,
2026-02-01,1250,expense,Insurance,
2026-02-01,1560,expense,Utilities,
2026-02-01,5176,expense,Supplies,
2026-02-28,20666.67,expense,Salary,Dr. Elena Rivera
2026-02-28,6200.00,expense,Benefits,Dr. Elena Rivera
2026-02-28,1963.33,expense,Payroll taxes,Dr. Elena Rivera
2026-02-28,950.00,expense,Malpractice,Dr. Elena Rivera
2026-02-28,21833.33,expense,Salary,Dr. Marcus Bennett
2026-02-28,6550.00,expense,Benefits,Dr. Marcus Bennett
2026-02-28,2074.17,expense,Payroll taxes,Dr. Marcus Bennett
2026-02-28,950.00,expense,Malpractice,Dr. Marcus Bennett
2026-02-28,20000.00,expense,Salary,Dr. Sofia Morales
2026-02-28,6000.00,expense,Benefits,Dr. Sofia Morales
2026-02-28,1900.00,expense,Payroll taxes,Dr. Sofia Morales
2026-02-28,950.00,expense,Malpractice,Dr. Sofia Morales
2026-02-28,21250.00,expense,Salary,Dr. Daniel Chen
2026-02-28,6375.00,expense,Benefits,Dr. Daniel Chen
2026-02-28,2018.75,expense,Payroll taxes,Dr. Daniel Chen
2026-02-28,950.00,expense,Malpractice,Dr. Daniel Chen
2026-02-28,11000.00,expense,Salary,Isabel Torres NP
2026-02-28,3300.00,expense,Benefits,Isabel Torres NP
2026-02-28,1045.00,expense,Payroll taxes,Isabel Torres NP
2026-02-28,400.00,expense,Malpractice,Isabel Torres NP
2026-02-28,10500.00,expense,Salary,Alex Morgan PA
2026-02-28,3150.00,expense,Benefits,Alex Morgan PA
2026-02-28,997.50,expense,Payroll taxes,Alex Morgan PA
2026-02-28,400.00,expense,Malpractice,Alex Morgan PA
2026-02-28,6000.00,expense,Salary,Camila Ortiz
2026-02-28,1800.00,expense,Benefits,Camila Ortiz
2026-02-28,570.00,expense,Payroll taxes,Camila Ortiz
2026-02-28,3666.67,expense,Salary,Noah Williams
2026-02-28,1100.00,expense,Benefits,Noah Williams
2026-02-28,348.33,expense,Payroll taxes,Noah Williams
2026-02-28,3800.00,expense,Salary,Maya Patel
2026-02-28,1140.00,expense,Benefits,Maya Patel
2026-02-28,361.00,expense,Payroll taxes,Maya Patel
2026-02-28,4333.33,expense,Salary,Lucia Santos
2026-02-28,1300.00,expense,Benefits,Lucia Santos
2026-02-28,411.67,expense,Payroll taxes,Lucia Santos
2026-02-28,3333.33,expense,Salary,Gabriel Cruz
2026-02-28,1000.00,expense,Benefits,Gabriel Cruz
2026-02-28,316.67,expense,Payroll taxes,Gabriel Cruz
2026-02-28,7000.00,expense,Salary,Emma Brooks
2026-02-28,2100.00,expense,Benefits,Emma Brooks
2026-02-28,665.00,expense,Payroll taxes,Emma Brooks
2026-03-01,9500,expense,Rent,
2026-03-01,2950,expense,Software,
2026-03-01,1250,expense,Insurance,
2026-03-01,1250,expense,Utilities,
2026-03-01,6522,expense,Supplies,
2026-03-31,20666.67,expense,Salary,Dr. Elena Rivera
2026-03-31,6200.00,expense,Benefits,Dr. Elena Rivera
2026-03-31,1963.33,expense,Payroll taxes,Dr. Elena Rivera
2026-03-31,950.00,expense,Malpractice,Dr. Elena Rivera
2026-03-31,21833.33,expense,Salary,Dr. Marcus Bennett
2026-03-31,6550.00,expense,Benefits,Dr. Marcus Bennett
2026-03-31,2074.17,expense,Payroll taxes,Dr. Marcus Bennett
2026-03-31,950.00,expense,Malpractice,Dr. Marcus Bennett
2026-03-31,20000.00,expense,Salary,Dr. Sofia Morales
2026-03-31,6000.00,expense,Benefits,Dr. Sofia Morales
2026-03-31,1900.00,expense,Payroll taxes,Dr. Sofia Morales
2026-03-31,950.00,expense,Malpractice,Dr. Sofia Morales
2026-03-31,21250.00,expense,Salary,Dr. Daniel Chen
2026-03-31,6375.00,expense,Benefits,Dr. Daniel Chen
2026-03-31,2018.75,expense,Payroll taxes,Dr. Daniel Chen
2026-03-31,950.00,expense,Malpractice,Dr. Daniel Chen
2026-03-31,11000.00,expense,Salary,Isabel Torres NP
2026-03-31,3300.00,expense,Benefits,Isabel Torres NP
2026-03-31,1045.00,expense,Payroll taxes,Isabel Torres NP
2026-03-31,400.00,expense,Malpractice,Isabel Torres NP
2026-03-31,10500.00,expense,Salary,Alex Morgan PA
2026-03-31,3150.00,expense,Benefits,Alex Morgan PA
2026-03-31,997.50,expense,Payroll taxes,Alex Morgan PA
2026-03-31,400.00,expense,Malpractice,Alex Morgan PA
2026-03-31,6000.00,expense,Salary,Camila Ortiz
2026-03-31,1800.00,expense,Benefits,Camila Ortiz
2026-03-31,570.00,expense,Payroll taxes,Camila Ortiz
2026-03-31,3666.67,expense,Salary,Noah Williams
2026-03-31,1100.00,expense,Benefits,Noah Williams
2026-03-31,348.33,expense,Payroll taxes,Noah Williams
2026-03-31,3800.00,expense,Salary,Maya Patel
2026-03-31,1140.00,expense,Benefits,Maya Patel
2026-03-31,361.00,expense,Payroll taxes,Maya Patel
2026-03-31,4333.33,expense,Salary,Lucia Santos
2026-03-31,1300.00,expense,Benefits,Lucia Santos
2026-03-31,411.67,expense,Payroll taxes,Lucia Santos
2026-03-31,3333.33,expense,Salary,Gabriel Cruz
2026-03-31,1000.00,expense,Benefits,Gabriel Cruz
2026-03-31,316.67,expense,Payroll taxes,Gabriel Cruz
2026-03-31,7000.00,expense,Salary,Emma Brooks
2026-03-31,2100.00,expense,Benefits,Emma Brooks
2026-03-31,665.00,expense,Payroll taxes,Emma Brooks
2026-04-01,9500,expense,Rent,
2026-04-01,2950,expense,Software,
2026-04-01,1250,expense,Insurance,
2026-04-01,1704,expense,Utilities,
2026-04-01,6022,expense,Supplies,
2026-04-30,20666.67,expense,Salary,Dr. Elena Rivera
2026-04-30,6200.00,expense,Benefits,Dr. Elena Rivera
2026-04-30,1963.33,expense,Payroll taxes,Dr. Elena Rivera
2026-04-30,950.00,expense,Malpractice,Dr. Elena Rivera
2026-04-30,21833.33,expense,Salary,Dr. Marcus Bennett
2026-04-30,6550.00,expense,Benefits,Dr. Marcus Bennett
2026-04-30,2074.17,expense,Payroll taxes,Dr. Marcus Bennett
2026-04-30,950.00,expense,Malpractice,Dr. Marcus Bennett
2026-04-30,20000.00,expense,Salary,Dr. Sofia Morales
2026-04-30,6000.00,expense,Benefits,Dr. Sofia Morales
2026-04-30,1900.00,expense,Payroll taxes,Dr. Sofia Morales
2026-04-30,950.00,expense,Malpractice,Dr. Sofia Morales
2026-04-30,21250.00,expense,Salary,Dr. Daniel Chen
2026-04-30,6375.00,expense,Benefits,Dr. Daniel Chen
2026-04-30,2018.75,expense,Payroll taxes,Dr. Daniel Chen
2026-04-30,950.00,expense,Malpractice,Dr. Daniel Chen
2026-04-30,11000.00,expense,Salary,Isabel Torres NP
2026-04-30,3300.00,expense,Benefits,Isabel Torres NP
2026-04-30,1045.00,expense,Payroll taxes,Isabel Torres NP
2026-04-30,400.00,expense,Malpractice,Isabel Torres NP
2026-04-30,10500.00,expense,Salary,Alex Morgan PA
2026-04-30,3150.00,expense,Benefits,Alex Morgan PA
2026-04-30,997.50,expense,Payroll taxes,Alex Morgan PA
2026-04-30,400.00,expense,Malpractice,Alex Morgan PA
2026-04-30,6000.00,expense,Salary,Camila Ortiz
2026-04-30,1800.00,expense,Benefits,Camila Ortiz
2026-04-30,570.00,expense,Payroll taxes,Camila Ortiz
2026-04-30,3666.67,expense,Salary,Noah Williams
2026-04-30,1100.00,expense,Benefits,Noah Williams
2026-04-30,348.33,expense,Payroll taxes,Noah Williams
2026-04-30,3800.00,expense,Salary,Maya Patel
2026-04-30,1140.00,expense,Benefits,Maya Patel
2026-04-30,361.00,expense,Payroll taxes,Maya Patel
2026-04-30,4333.33,expense,Salary,Lucia Santos
2026-04-30,1300.00,expense,Benefits,Lucia Santos
2026-04-30,411.67,expense,Payroll taxes,Lucia Santos
2026-04-30,3333.33,expense,Salary,Gabriel Cruz
2026-04-30,1000.00,expense,Benefits,Gabriel Cruz
2026-04-30,316.67,expense,Payroll taxes,Gabriel Cruz
2026-04-30,7000.00,expense,Salary,Emma Brooks
2026-04-30,2100.00,expense,Benefits,Emma Brooks
2026-04-30,665.00,expense,Payroll taxes,Emma Brooks
2026-05-01,9500,expense,Rent,
2026-05-01,2950,expense,Software,
2026-05-01,1250,expense,Insurance,
2026-05-01,1212,expense,Utilities,
2026-05-01,6200,expense,Supplies,
2026-05-31,20666.67,expense,Salary,Dr. Elena Rivera
2026-05-31,6200.00,expense,Benefits,Dr. Elena Rivera
2026-05-31,1963.33,expense,Payroll taxes,Dr. Elena Rivera
2026-05-31,950.00,expense,Malpractice,Dr. Elena Rivera
2026-05-31,21833.33,expense,Salary,Dr. Marcus Bennett
2026-05-31,6550.00,expense,Benefits,Dr. Marcus Bennett
2026-05-31,2074.17,expense,Payroll taxes,Dr. Marcus Bennett
2026-05-31,950.00,expense,Malpractice,Dr. Marcus Bennett
2026-05-31,20000.00,expense,Salary,Dr. Sofia Morales
2026-05-31,6000.00,expense,Benefits,Dr. Sofia Morales
2026-05-31,1900.00,expense,Payroll taxes,Dr. Sofia Morales
2026-05-31,950.00,expense,Malpractice,Dr. Sofia Morales
2026-05-31,21250.00,expense,Salary,Dr. Daniel Chen
2026-05-31,6375.00,expense,Benefits,Dr. Daniel Chen
2026-05-31,2018.75,expense,Payroll taxes,Dr. Daniel Chen
2026-05-31,950.00,expense,Malpractice,Dr. Daniel Chen
2026-05-31,11000.00,expense,Salary,Isabel Torres NP
2026-05-31,3300.00,expense,Benefits,Isabel Torres NP
2026-05-31,1045.00,expense,Payroll taxes,Isabel Torres NP
2026-05-31,400.00,expense,Malpractice,Isabel Torres NP
2026-05-31,10500.00,expense,Salary,Alex Morgan PA
2026-05-31,3150.00,expense,Benefits,Alex Morgan PA
2026-05-31,997.50,expense,Payroll taxes,Alex Morgan PA
2026-05-31,400.00,expense,Malpractice,Alex Morgan PA
2026-05-31,6000.00,expense,Salary,Camila Ortiz
2026-05-31,1800.00,expense,Benefits,Camila Ortiz
2026-05-31,570.00,expense,Payroll taxes,Camila Ortiz
2026-05-31,3666.67,expense,Salary,Noah Williams
2026-05-31,1100.00,expense,Benefits,Noah Williams
2026-05-31,348.33,expense,Payroll taxes,Noah Williams
2026-05-31,3800.00,expense,Salary,Maya Patel
2026-05-31,1140.00,expense,Benefits,Maya Patel
2026-05-31,361.00,expense,Payroll taxes,Maya Patel
2026-05-31,4333.33,expense,Salary,Lucia Santos
2026-05-31,1300.00,expense,Benefits,Lucia Santos
2026-05-31,411.67,expense,Payroll taxes,Lucia Santos
2026-05-31,3333.33,expense,Salary,Gabriel Cruz
2026-05-31,1000.00,expense,Benefits,Gabriel Cruz
2026-05-31,316.67,expense,Payroll taxes,Gabriel Cruz
2026-05-31,7000.00,expense,Salary,Emma Brooks
2026-05-31,2100.00,expense,Benefits,Emma Brooks
2026-05-31,665.00,expense,Payroll taxes,Emma Brooks
2026-06-01,9500,expense,Rent,
2026-06-01,2950,expense,Software,
2026-06-01,1250,expense,Insurance,
2026-06-01,1478,expense,Utilities,
2026-06-01,5459,expense,Supplies,
2026-06-30,20666.67,expense,Salary,Dr. Elena Rivera
2026-06-30,6200.00,expense,Benefits,Dr. Elena Rivera
2026-06-30,1963.33,expense,Payroll taxes,Dr. Elena Rivera
2026-06-30,950.00,expense,Malpractice,Dr. Elena Rivera
2026-06-30,21833.33,expense,Salary,Dr. Marcus Bennett
2026-06-30,6550.00,expense,Benefits,Dr. Marcus Bennett
2026-06-30,2074.17,expense,Payroll taxes,Dr. Marcus Bennett
2026-06-30,950.00,expense,Malpractice,Dr. Marcus Bennett
2026-06-30,20000.00,expense,Salary,Dr. Sofia Morales
2026-06-30,6000.00,expense,Benefits,Dr. Sofia Morales
2026-06-30,1900.00,expense,Payroll taxes,Dr. Sofia Morales
2026-06-30,950.00,expense,Malpractice,Dr. Sofia Morales
2026-06-30,21250.00,expense,Salary,Dr. Daniel Chen
2026-06-30,6375.00,expense,Benefits,Dr. Daniel Chen
2026-06-30,2018.75,expense,Payroll taxes,Dr. Daniel Chen
2026-06-30,950.00,expense,Malpractice,Dr. Daniel Chen
2026-06-30,11000.00,expense,Salary,Isabel Torres NP
2026-06-30,3300.00,expense,Benefits,Isabel Torres NP
2026-06-30,1045.00,expense,Payroll taxes,Isabel Torres NP
2026-06-30,400.00,expense,Malpractice,Isabel Torres NP
2026-06-30,10500.00,expense,Salary,Alex Morgan PA
2026-06-30,3150.00,expense,Benefits,Alex Morgan PA
2026-06-30,997.50,expense,Payroll taxes,Alex Morgan PA
2026-06-30,400.00,expense,Malpractice,Alex Morgan PA
2026-06-30,6000.00,expense,Salary,Camila Ortiz
2026-06-30,1800.00,expense,Benefits,Camila Ortiz
2026-06-30,570.00,expense,Payroll taxes,Camila Ortiz
2026-06-30,3666.67,expense,Salary,Noah Williams
2026-06-30,1100.00,expense,Benefits,Noah Williams
2026-06-30,348.33,expense,Payroll taxes,Noah Williams
2026-06-30,3800.00,expense,Salary,Maya Patel
2026-06-30,1140.00,expense,Benefits,Maya Patel
2026-06-30,361.00,expense,Payroll taxes,Maya Patel
2026-06-30,4333.33,expense,Salary,Lucia Santos
2026-06-30,1300.00,expense,Benefits,Lucia Santos
2026-06-30,411.67,expense,Payroll taxes,Lucia Santos
2026-06-30,3333.33,expense,Salary,Gabriel Cruz
2026-06-30,1000.00,expense,Benefits,Gabriel Cruz
2026-06-30,316.67,expense,Payroll taxes,Gabriel Cruz
2026-06-30,7000.00,expense,Salary,Emma Brooks
2026-06-30,2100.00,expense,Benefits,Emma Brooks
2026-06-30,665.00,expense,Payroll taxes,Emma Brooks
2026-07-01,9500,expense,Rent,
2026-07-01,2950,expense,Software,
2026-07-01,1250,expense,Insurance,
2026-07-01,1640,expense,Utilities,
2026-07-01,5663,expense,Supplies,
2026-07-31,20666.67,expense,Salary,Dr. Elena Rivera
2026-07-31,6200.00,expense,Benefits,Dr. Elena Rivera
2026-07-31,1963.33,expense,Payroll taxes,Dr. Elena Rivera
2026-07-31,950.00,expense,Malpractice,Dr. Elena Rivera
2026-07-31,21833.33,expense,Salary,Dr. Marcus Bennett
2026-07-31,6550.00,expense,Benefits,Dr. Marcus Bennett
2026-07-31,2074.17,expense,Payroll taxes,Dr. Marcus Bennett
2026-07-31,950.00,expense,Malpractice,Dr. Marcus Bennett
2026-07-31,20000.00,expense,Salary,Dr. Sofia Morales
2026-07-31,6000.00,expense,Benefits,Dr. Sofia Morales
2026-07-31,1900.00,expense,Payroll taxes,Dr. Sofia Morales
2026-07-31,950.00,expense,Malpractice,Dr. Sofia Morales
2026-07-31,21250.00,expense,Salary,Dr. Daniel Chen
2026-07-31,6375.00,expense,Benefits,Dr. Daniel Chen
2026-07-31,2018.75,expense,Payroll taxes,Dr. Daniel Chen
2026-07-31,950.00,expense,Malpractice,Dr. Daniel Chen
2026-07-31,11000.00,expense,Salary,Isabel Torres NP
2026-07-31,3300.00,expense,Benefits,Isabel Torres NP
2026-07-31,1045.00,expense,Payroll taxes,Isabel Torres NP
2026-07-31,400.00,expense,Malpractice,Isabel Torres NP
2026-07-31,10500.00,expense,Salary,Alex Morgan PA
2026-07-31,3150.00,expense,Benefits,Alex Morgan PA
2026-07-31,997.50,expense,Payroll taxes,Alex Morgan PA
2026-07-31,400.00,expense,Malpractice,Alex Morgan PA
2026-07-31,6000.00,expense,Salary,Camila Ortiz
2026-07-31,1800.00,expense,Benefits,Camila Ortiz
2026-07-31,570.00,expense,Payroll taxes,Camila Ortiz
2026-07-31,3666.67,expense,Salary,Noah Williams
2026-07-31,1100.00,expense,Benefits,Noah Williams
2026-07-31,348.33,expense,Payroll taxes,Noah Williams
2026-07-31,3800.00,expense,Salary,Maya Patel
2026-07-31,1140.00,expense,Benefits,Maya Patel
2026-07-31,361.00,expense,Payroll taxes,Maya Patel
2026-07-31,4333.33,expense,Salary,Lucia Santos
2026-07-31,1300.00,expense,Benefits,Lucia Santos
2026-07-31,411.67,expense,Payroll taxes,Lucia Santos
2026-07-31,3333.33,expense,Salary,Gabriel Cruz
2026-07-31,1000.00,expense,Benefits,Gabriel Cruz
2026-07-31,316.67,expense,Payroll taxes,Gabriel Cruz
2026-07-31,7000.00,expense,Salary,Emma Brooks
2026-07-31,2100.00,expense,Benefits,Emma Brooks
2026-07-31,665.00,expense,Payroll taxes,Emma Brooks
2026-08-01,9500,expense,Rent,
2026-08-01,2950,expense,Software,
2026-08-01,1250,expense,Insurance,
2026-08-01,1674,expense,Utilities,
2026-08-01,6644,expense,Supplies,
2026-08-31,20666.67,expense,Salary,Dr. Elena Rivera
2026-08-31,6200.00,expense,Benefits,Dr. Elena Rivera
2026-08-31,1963.33,expense,Payroll taxes,Dr. Elena Rivera
2026-08-31,950.00,expense,Malpractice,Dr. Elena Rivera
2026-08-31,21833.33,expense,Salary,Dr. Marcus Bennett
2026-08-31,6550.00,expense,Benefits,Dr. Marcus Bennett
2026-08-31,2074.17,expense,Payroll taxes,Dr. Marcus Bennett
2026-08-31,950.00,expense,Malpractice,Dr. Marcus Bennett
2026-08-31,20000.00,expense,Salary,Dr. Sofia Morales
2026-08-31,6000.00,expense,Benefits,Dr. Sofia Morales
2026-08-31,1900.00,expense,Payroll taxes,Dr. Sofia Morales
2026-08-31,950.00,expense,Malpractice,Dr. Sofia Morales
2026-08-31,21250.00,expense,Salary,Dr. Daniel Chen
2026-08-31,6375.00,expense,Benefits,Dr. Daniel Chen
2026-08-31,2018.75,expense,Payroll taxes,Dr. Daniel Chen
2026-08-31,950.00,expense,Malpractice,Dr. Daniel Chen
2026-08-31,11000.00,expense,Salary,Isabel Torres NP
2026-08-31,3300.00,expense,Benefits,Isabel Torres NP
2026-08-31,1045.00,expense,Payroll taxes,Isabel Torres NP
2026-08-31,400.00,expense,Malpractice,Isabel Torres NP
2026-08-31,10500.00,expense,Salary,Alex Morgan PA
2026-08-31,3150.00,expense,Benefits,Alex Morgan PA
2026-08-31,997.50,expense,Payroll taxes,Alex Morgan PA
2026-08-31,400.00,expense,Malpractice,Alex Morgan PA
2026-08-31,6000.00,expense,Salary,Camila Ortiz
2026-08-31,1800.00,expense,Benefits,Camila Ortiz
2026-08-31,570.00,expense,Payroll taxes,Camila Ortiz
2026-08-31,3666.67,expense,Salary,Noah Williams
2026-08-31,1100.00,expense,Benefits,Noah Williams
2026-08-31,348.33,expense,Payroll taxes,Noah Williams
2026-08-31,3800.00,expense,Salary,Maya Patel
2026-08-31,1140.00,expense,Benefits,Maya Patel
2026-08-31,361.00,expense,Payroll taxes,Maya Patel
2026-08-31,4333.33,expense,Salary,Lucia Santos
2026-08-31,1300.00,expense,Benefits,Lucia Santos
2026-08-31,411.67,expense,Payroll taxes,Lucia Santos
2026-08-31,3333.33,expense,Salary,Gabriel Cruz
2026-08-31,1000.00,expense,Benefits,Gabriel Cruz
2026-08-31,316.67,expense,Payroll taxes,Gabriel Cruz
2026-08-31,7000.00,expense,Salary,Emma Brooks
2026-08-31,2100.00,expense,Benefits,Emma Brooks
2026-08-31,665.00,expense,Payroll taxes,Emma Brooks
